code,name,category
1350,3+ BATTERY,Assault and Battery
3840,ABUSE ELDER/DISABLD,Assault and Battery
3841,ABUSE ELDER/DISBLD-HARM,Assault and Battery
1318,AGG ASSLT-INTENT COMMIT FELONY,Assault and Battery
1317,AGG ASSLT-W/WPN NO INTENT TO K,Assault and Battery
1319,AGG BATTERY INTENDED HARM,Assault and Battery
1320,AGG BATTERY/W/DEADLY WEAPON,Assault and Battery
1335,AGG. BATT. WEIGHT/SEC.OFF.,Assault and Battery
1332,AGG. BATTERY/65 YRS OR OLDER,Assault and Battery
3847,AGG.ABUSE - ELDER/DISABLD,Assault and Battery
1333,AGG.ASSAULT/65 YRS./OLDER,Assault and Battery
1328,AGG.ASSLT/LEO/FIREFGT/EMS/ETC.,Assault and Battery
1327,AGG.BATT/LEO/FIRFGT/EMS/ETC.,Assault and Battery
4907,AGG.FLEE LEO INJ./DAMAGE,Assault and Battery
1341,AGG.STALK-CREDIBLE THREAT,Assault and Battery
1315,AGGRAV ASSLT - OTHER WEAPON,Assault and Battery
1301,AGGRAV ASSLT-FAMILY-GUN,Assault and Battery
1302,AGGRAV ASSLT-FAMILY-OTHER WEAP,Assault and Battery
1303,AGGRAV ASSLT-FAMILY-STRONGARM,Assault and Battery
1304,AGGRAV ASSLT-NONFAMILY-GUN,Assault and Battery
1305,AGGRAV ASSLT-NONFAMILY-OTHER,Assault and Battery
1306,AGGRAV ASSLT-NONFAMILY-STGARM,Assault and Battery
1312,AGGRAV ASSLT-POL OFF-STGARM,Assault and Battery
1310,AGGRAV ASSLT-POLICE OFF-GUN,Assault and Battery
1311,AGGRAV ASSLT-POLICE OFF-OTHER,Assault and Battery
1308,AGGRAV ASSLT-PUB OFF-OTHER,Assault and Battery
1309,AGGRAV ASSLT-PUB OFF-STGARM,Assault and Battery
1307,AGGRAV ASSLT-PUB OFFICIAL-GUN,Assault and Battery
1300,AGGRAV. ASSAULT/BATTERY,Assault and Battery
1329,"AGGRAV.BATTERY,VICTIM PREGNANT",Assault and Battery
1314,AGGRAVATED ASSAULT - GUN,Assault and Battery
1322,AGGRAVATED BATTERY,Assault and Battery
3802,AGGRAVATED CHILD ABUSE,Assault and Battery
1340,AGGRAVATED STALKING-FS 784.048,Assault and Battery
2014,"ARSON,WILLFUL INJ.TO PSN.",Assault and Battery
1325,ASSAULT BY INM W/N CO FACILITY,Assault and Battery
4822,ASSAULT BY PRISONER,Assault and Battery
9815,ASSAULT-MISD,Assault and Battery
1330,ATTEMPT MURDER LAW ENFORCE OFF,Assault and Battery
1336,BAT.AMB.DRIV/EMT/PARAMED,Assault and Battery
1337,BATT. ON OFFICIAL/EMPLOYEE,Assault and Battery
1321,BATT.LEO/FIRFGT/EMS/ETC.,Assault and Battery
1326,BATTERY OF HRS EMPLOYEE,Assault and Battery
1338,BATTERY ON DETENT.FAC.STAFF,Assault and Battery
1334,BATTERY UPON PERSON 65/OLDER,Assault and Battery
925,BOD.INJ./NOT 782.04(3)OFF.,Assault and Battery
2208,BURGLARY ASSAULT ANY PERSON,Assault and Battery
5218,DIRECT PERSON TO DISC. F/A FR.,Assault and Battery
5226,DISCH.DESTR.DEVICE W/HARM,Assault and Battery
8782,DISCH.DESTRUCT.DEV.DAM.,Assault and Battery
8781,DISCH.DESTRUCT.DEV.W/INJ,Assault and Battery
5223,DISCH.WEAP.SCHOOL GROUNDS,Assault and Battery
5206,DISCHARGE DESTRUC.DEVICE,Assault and Battery
5217,DISCHARGE F/A FR.VEHICLE W/I 1,Assault and Battery
5213,DISCHARGING MACHINE GUN,Assault and Battery
3830,"EXPLOT.OF AGED PERSON,CAUSE BO",Assault and Battery
8521,HARMS PUBLIC SERVANT,Assault and Battery
8841,IMPRSN.LEO/FELNY-INJ/DETH,Assault and Battery
5208,INCENDIARY DEVICE-USING,Assault and Battery
8780,POSS/DISCH/MAKE DESTR. DEVICE,Assault and Battery
4801,RESISTING OFFICER W/VIOLEN.,Assault and Battery
924,SER.INJ/FRM 782.04(3)OFF.,Assault and Battery
926,SER.INJ/NOT 782.04(3)OFF.,Assault and Battery
923,SHOOT AT VEH/GREAT BOD.HARM,Assault and Battery
5231,SHOOT/THROW MISSILE-BLDG/VEH.,Assault and Battery
2909,SHOOT/THROW OBJ.OCC.VEH.,Assault and Battery
1313,SIMPLE ASSAULT,Assault and Battery
9816,SIMPLEBATTERY-MISD,Assault and Battery
2724,THREAT TAMP.PROD.INJ/DEATH,Assault and Battery
5215,THREAT TO BOMB,Assault and Battery
5216,THREAT TO BURN,Assault and Battery
5228,THREATENS TO USE ANY FIREARM,Assault and Battery
8520,THREATENS UNLAWFUL HARM,Assault and Battery
8522,WRITTEN THREATS KILL/INJ,Assault and Battery
2101,WRITTEN THREATS TO KILL,Assault and Battery
3840,ABUSE ELDER/DISABLD,Crime Against the Elderly and Disabled
3841,ABUSE ELDER/DISBLD-HARM,Crime Against the Elderly and Disabled
1332,AGG. BATTERY/65 YRS OR OLDER,Crime Against the Elderly and Disabled
3847,AGG.ABUSE - ELDER/DISABLD,Crime Against the Elderly and Disabled
1333,AGG.ASSAULT/65 YRS./OLDER,Crime Against the Elderly and Disabled
930,AGG.MANSL.-ELDER/DISABLD,Crime Against the Elderly and Disabled
1334,BATTERY UPON PERSON 65/OLDER,Crime Against the Elderly and Disabled
3834,EXPL ELDER/DISABLD $100K+,Crime Against the Elderly and Disabled
3832,EXPL ELDER/DISABLD LT$20K,Crime Against the Elderly and Disabled
3833,EXPL ELDER/DISBLD $20-100K,Crime Against the Elderly and Disabled
3831,EXPLOIT AGED PERSON/MISMANGMT.,Crime Against the Elderly and Disabled
3830,"EXPLOT.OF AGED PERSON,CAUSE BO",Crime Against the Elderly and Disabled
3852,LEWD BATT.ON ELDER/DISABLD,Crime Against the Elderly and Disabled
3850,LEWD EXHIBIT-ELDER/DISABLD,Crime Against the Elderly and Disabled
3851,LEWD MOLEST.-ELDER/DISABLD,Crime Against the Elderly and Disabled
9105,MISD. TO FEL. W/PREJUDICE,Crime Against the Elderly and Disabled
3845,NEGLCT ELDER/DISABLD,Crime Against the Elderly and Disabled
3848,NEGLCT ELDER/DISABLD-HARM,Crime Against the Elderly and Disabled
1123,SEX BAT/PHYS HELPLESS RESIST,Crime Against the Elderly and Disabled
1140,SEX.BAT/VICT O/12 INCAP,Crime Against the Elderly and Disabled
3861,THEFT>65YO>$10K<$50K,Crime Against the Elderly and Disabled
3862,THEFT>65YO>$300<$10K,Crime Against the Elderly and Disabled
3860,THEFT>65YO>$50K,Crime Against the Elderly and Disabled
3570,AMPHETAMINE-MFT,Drug Crime
3573,AMPHETAMINE-OTHER,Drug Crime
3572,AMPHETAMINE-POSSESS,Drug Crime
9525,AMPHETAMINE-PUR/POSS/W/INT PUR,Drug Crime
9515,AMPHETAMINE-SALE/MAN/DEL,Drug Crime
3571,AMPHETAMINE-SALE/PURCHASE,Drug Crime
9599,ATMPT.CAP.TRAFF-COC./HER.,Drug Crime
3580,BARBITUATE-MGR,Drug Crime
3583,BARBITUATE-OTHER,Drug Crime
9526,BARBITUATE-PUR/POSS/W/INT PUR,Drug Crime
9516,BARBITUATE-SALE/MAN/DEL,Drug Crime
3581,BARBITUATE-SALE/PURCHASE,Drug Crime
3582,BARBITURATE-POSSESS,Drug Crime
3585,BRING CONTR.SUB.INTO STATE,Drug Crime
9540,BRING INTO STA/COC/HER/OP,Drug Crime
9545,BRING INTO STA/CONTR SUBST,Drug Crime
3586,BRING INTO STA/CONTR SUBST,Drug Crime
9530,COCAINE - POSSESSION,Drug Crime
3532,COCAINE-POSSESS,Drug Crime
9522,COCAINE-PUR/POSS W/INT PUR.,Drug Crime
3530,COCAINE-SALE OR PURCHASE,Drug Crime
3534,COCAINE-SALE/DEL.TO MINOR,Drug Crime
9550,COCAINE-SALE/DEL.TO MINOR,Drug Crime
9512,COCAINE-SALE/MANUF/DELIV.,Drug Crime
3531,COCAINE-SMUGGLE,Drug Crime
9569,CONSPIR.TO TRAFF.DRUGS,Drug Crime
3587,CONSTRUCTIVE POSSESSION,Drug Crime
9594,CONTINUING CRIMINAL ENTER,Drug Crime
9560,CONTR.SUBST.-2ND VIOL.,Drug Crime
3500,DANGEROUS DRUGS,Drug Crime
9503,DEAL DRGS-1000' SCH/DAYCARE,Drug Crime
9508,DEL.DRUG PARA.TO MINOR,Drug Crime
3595,DELIVERY OF DRUG PARA TO MINOR,Drug Crime
2693,DIST.CON.SUBS.PERSON U/18,Drug Crime
3566,DISTR.CONTROLLED SUB.(2ND SUBS,Drug Crime
3553,DISTRI.CONT.SUBS. 2ND VIOL.,Drug Crime
3550,DISTRI.CONT.SUBS.2ND VIOL.,Drug Crime
3557,DRUG ABUSE W/HOLD INFM.,Drug Crime
3589,DRUG ABUSE-FRAUD MATERIAL,Drug Crime
9563,DRUG ABUSE-FRAUD MATERIAL,Drug Crime
3551,DRUG ABUSE-NO REC. 2ND VIO.,Drug Crime
3552,DRUG ABUSE-REFUSE ENT.2ND V,Drug Crime
3594,ENGAGE CONT.CRIM ENTERPRISE-DR,Drug Crime
9562,FALSE LABEL-CONTRL.SUBST.,Drug Crime
3502,HALLUCINOGEN-DISTRIB-NOT MARIJ,Drug Crime
3501,HALLUCINOGEN-MGR-NOT MARIJUANA,Drug Crime
3505,HALLUCINOGEN-OTHER-NON MARIJ,Drug Crime
3504,HALLUCINOGEN-POSSESS-NOT MARIJ,Drug Crime
3503,HALLUCINOGEN-SELL-NOT MARIJ,Drug Crime
9531,HEROIN-POSS.LESS/10 GRAMS,Drug Crime
3512,HEROIN-POSSESS,Drug Crime
9520,HEROIN-PUR/POSS/W/INT PUR,Drug Crime
3510,HEROIN-SALE OR PURCHASE,Drug Crime
9510,"HEROIN-SALE,MANUF/DELIVER",Drug Crime
3514,HEROIN-SALE/DEL.TO MINOR,Drug Crime
3513,HEROIN-SALE/PURCH/DELIV.EXC.10,Drug Crime
3511,HEROIN-SMUGGLE,Drug Crime
7307,HOSPITAL CONTROLLED SUBSTANCE,Drug Crime
9507,INJECT/INHALE CON.SUBST,Drug Crime
3533,INJECT/INHALE CON.SUBST.,Drug Crime
4835,INTROD/REMOV.CONTROLLED SUB.FO,Drug Crime
4830,INTRODUCE CONT.SUBSTANCE,Drug Crime
2692,MAN/POSSESS IMIT.CON.SUBS.,Drug Crime
3516,MARIJ/LSD-SALE/DEL.TO MINOR,Drug Crime
9506,MARIJUANA - PRODUCING,Drug Crime
3564,MARIJUANA-OTHER,Drug Crime
3562,MARIJUANA-POSSESS,Drug Crime
3563,MARIJUANA-PRODUCING,Drug Crime
9524,MARIJUANA-PUR/POSS W/INT PUR,Drug Crime
9514,MARIJUANA-SALE/MANUF/DEL,Drug Crime
3560,MARIJUANA-SALE/PURCHASE,Drug Crime
3561,MARIJUANA-SMUGGLE,Drug Crime
9561,OBT.SUB BY FRAUD OR ATT.,Drug Crime
3588,OBTAIN SUBSTANCE BY FRAUD,Drug Crime
3520,OPIUM OR DERIV.-SALE/PURCHASE,Drug Crime
3523,OPIUM OR DERIVATIVE-OTHER,Drug Crime
3522,OPIUM OR DERIVATIVE-POSSESS,Drug Crime
3521,OPIUM OR DERIVATIVE-SMUGGLE,Drug Crime
9532,OPIUM-POSS LESS/10 GRAMS,Drug Crime
3524,OPIUM-SALE/DEL.TO MINOR,Drug Crime
9511,OPIUM/DELIV-SALE/MANUF.,Drug Crime
9521,OPIUM/DER-PUR/POSS W/INT PUR,Drug Crime
9523,OTH.DRUG-PUR/POSS W/INT.PURC.,Drug Crime
9513,OTH.DRUG-SALE/MANUF/DELIV,Drug Crime
9566,OWN/RENT STRUC/CONV TRAF/MAN,Drug Crime
9553,"POSS. O/10GR SCH.IA,IB DRUG",Drug Crime
9535,POSS.CONTROL.SUBS/OTHER,Drug Crime
9536,POSS.CONTROL.SUBS/OTHER,Drug Crime
9829,POSS.DRUG PARAPHERNA.-MISD,Drug Crime
9539,POSS.MARIJUANA OVR 20 GRAMS,Drug Crime
9509,POSS/DIST.CHEM.TO MFG.SUB,Drug Crime
9827,POSSES MARIJUANA-MISD,Drug Crime
3556,POSSESS CONT.SUB.WO/PRESC.,Drug Crime
3590,POSSESSION DRUG PARAPHERNALIA,Drug Crime
9552,PUR.O/10GR.HER.SCH.I DRUG,Drug Crime
8691,SALE COUNTERFEIT CONT.SUB,Drug Crime
2687,SALE OF COUNTERFEIT DRUGS,Drug Crime
9551,SALE/DEL.O/10GR.HER.SCH.I,Drug Crime
3554,SELL CONT.SUBS. 2ND VIOL.,Drug Crime
9505,SELL/ETC DRUGS 1K FT.EDU,Drug Crime
9502,SELL/ETC.COC/HER.1000FT SCH,Drug Crime
9504,SELL/ETC/COC/HER/1K FT.EDU,Drug Crime
3597,SELL/PUR/COC/HER 200FT PUB FAC,Drug Crime
3598,SELL/PUR/DRUGS 200FT PUB FACIL,Drug Crime
3592,SELL/PURC.COC/HER/OP.1000FT SC,Drug Crime
3593,SELL/PURC/DEL/DRUGS-1000FT.SCH,Drug Crime
3591,SELLING NARCOTICS W/O PRESCRIP,Drug Crime
9555,SYN.NARC-SALE/DEL.MINOR,Drug Crime
3544,SYN.NARC.-SALE/DEL.TO MINOR,Drug Crime
3540,SYN.NARCOTIC-SALE/PURCHASE,Drug Crime
3543,SYNTH NARCOTIC-OTHER,Drug Crime
3542,SYNTH NARCOTIC-POSSESS,Drug Crime
3541,SYNTH NARCOTIC-SMUGGLE,Drug Crime
9593,TRAFF AMPH 200 GR OR MORE,Drug Crime
9573,TRAFF AMPH. 14-U/28 GRAMS,Drug Crime
9583,TRAFF AMPH. 28-U/200 GR,Drug Crime
9595,TRAFF CANN 10000 LBS/MORE,Drug Crime
9575,TRAFF CANN 25-U/2000 LBS,Drug Crime
9585,"TRAFF CANN.2000-U/10,000",Drug Crime
9580,TRAFF COC 200G-U/400 G,Drug Crime
9590,TRAFF COC 400G-U/150 KG,Drug Crime
9570,TRAFF COCAINE 28-U/200GR,Drug Crime
9598,"TRAFF HER,ETC 30-LT 60K.",Drug Crime
9581,"TRAFF HER.,ETC.14-U/28 GR",Drug Crime
9591,TRAFF HER.ETC 28G-U/30 KG,Drug Crime
9571,TRAFF ILL DRUGS 4-U/14 GRAMS,Drug Crime
9578,TRAFF METHAQ 200G-U/5 KG,Drug Crime
9588,TRAFF METHAQ 5-U/25 KG,Drug Crime
9597,TRAFF METHAQLN 25-LT 50K.,Drug Crime
9587,TRAFF PCP 200-U/400 GRAMS,Drug Crime
9577,TRAFF PCP 28-U/200 GRAMS,Drug Crime
9596,TRAFF PCP 400-LT 800 GR.,Drug Crime
3515,"TRAFFICK IN OPIUM,HEROIN,ETC.",Drug Crime
3596,TRAFFICKING IN AMPHETAMINE,Drug Crime
3565,TRAFFICKING IN CANNIBIS,Drug Crime
3535,TRAFFICKING IN COCAINE,Drug Crime
3575,TRAFFICKING IN METHAQUALONE,Drug Crime
3574,TRAFFICKING IN PHENCYCLIDINE,Drug Crime
3555,USE DRUG RELATED INFORM.,Drug Crime
8761,AIDS ESCAPE,Escape
8751,CARRIES TOOLS AID ESCAPE,Escape
4901,ESCAPE,Escape
8731,ESCAPE,Escape
4905,ESCAPE FROM JUVENILE FACILITY,Escape
8730,ESCAPE-TREATMENT PROGRAM,Escape
4900,ESCAPE/UNLAW.FLIGHT,Escape
4904,"HARBOR,CONCEAL,AID ESCAPEE",Escape
8760,OFFICER ALLOWS ESCAPE,Escape
4821,PERMIT PRISONER TO ESCAPE,Escape
4834,YO FAILS TO REM. N/AREA,Escape
8603,COUNTERFEIT CREDIT CARDS,Forgery/Counterfeiting
2429,COUNTERFEIT LICENSE PLATE,Forgery/Counterfeiting
2503,COUNTERFEITING,Forgery/Counterfeiting
8570,COUNTERFEITING,Forgery/Counterfeiting
2512,FACSIMILE SIGNATURE/USE OF,Forgery/Counterfeiting
2417,FORGE AUTO TITLE,Forgery/Counterfeiting
8581,FORGE FACSIMILIE SIG/SEAL,Forgery/Counterfeiting
2531,FORGE FAKE LABELS,Forgery/Counterfeiting
7380,FORGE REGISTRATION DECALS,Forgery/Counterfeiting
8540,FORGERY,Forgery/Counterfeiting
2501,FORGERY OF CHECKS,Forgery/Counterfeiting
2508,FORGERY/POSSESSION OF TOOLS,Forgery/Counterfeiting
2500,FORGERY/UTTERING,Forgery/Counterfeiting
2589,FORGERY/UTTERING(SP),Forgery/Counterfeiting
8831,FORGES VET.CERTIFICATE,Forgery/Counterfeiting
3940,"MAKES,ALTERS,FORGES LOTTERY TI",Forgery/Counterfeiting
8561,POSS.10/MORE FORGED NOTES,Forgery/Counterfeiting
8571,POSS.COUNTERFEIT TOOLS,Forgery/Counterfeiting
2506,POSS.FORGED/STOLEN LICENSE,Forgery/Counterfeiting
7381,POSSESS ALT'D REGIS.DECALS,Forgery/Counterfeiting
2507,POSSESS COUNTERFEIT COINS,Forgery/Counterfeiting
3941,PRESENTS CONTERFEIT LOTTERY TI,Forgery/Counterfeiting
2510,TRANSPORT COUNTERFEITED-OTHER,Forgery/Counterfeiting
2509,TRANSPORT FORGED BILLS,Forgery/Counterfeiting
2511,TRANSPT TOOLS FOR 'FG' OR 'CF',Forgery/Counterfeiting
8560,UNAUTH POSS/USE OF DL/ID,Forgery/Counterfeiting
2418,USE FORGED AUTO TITLE,Forgery/Counterfeiting
2438,USE FORGED TITLE ON VESSEL,Forgery/Counterfeiting
8550,"UTTER FORGED BILL,2ND CONV",Forgery/Counterfeiting
2504,UTTER FORGED BILLS 2ND CONV,Forgery/Counterfeiting
8541,UTTER FORGED INSTRUMENT,Forgery/Counterfeiting
8551,UTTERING FORGED BILLS,Forgery/Counterfeiting
2502,UTTERING FORGERY,Forgery/Counterfeiting
2505,UTTERING UNCURRENT BILLS,Forgery/Counterfeiting
2711,$ TRANS/SERV BUS EMBEZZ/REG,Fraud/Embezzlement
2659,CHARITY CONTRIB.FRAUD,Fraud/Embezzlement
6240,COMMERCIAL FRAUD < $300,Fraud/Embezzlement
7100,COMPUTER FRAUD,Fraud/Embezzlement
2697,CONSUMER FRAUD/2ND CONV.,Fraud/Embezzlement
6245,"CONTRACT FRAUD,EMERG/2ND CON",Fraud/Embezzlement
8601,CREDIT CARD FRAUD O/300,Fraud/Embezzlement
5108,DEFRAUD BANK/CREDIT UNION,Fraud/Embezzlement
2631,DEFRAUD BY DEVICE,Fraud/Embezzlement
2655,DEFRAUD FALSE PRETENSE,Fraud/Embezzlement
2690,DEFRAUD-RECREA.VEH.PARK,Fraud/Embezzlement
2714,DEFRAUDING FINANCIAL BUSINESS,Fraud/Embezzlement
7106,DENY COMPUTER SERV W/INT DEF,Fraud/Embezzlement
8611,DEP.CHECK W/INT DEFRAUD,Fraud/Embezzlement
2703,EMBEZZLE-BANKING-TYPE INST,Fraud/Embezzlement
2701,EMBEZZLE-BUSINESS PROP,Fraud/Embezzlement
2702,EMBEZZLE-INTERSTATE SHIPMENT,Fraud/Embezzlement
2705,EMBEZZLE-POSTAL,Fraud/Embezzlement
2700,EMBEZZLEMENT,Fraud/Embezzlement
2326,EMBEZZLEMENT OF TRADE SECRETS,Fraud/Embezzlement
2720,EQUITY SKIMMING,Fraud/Embezzlement
2630,FAILURE TO DEPOSIT MORG. ESCRO,Fraud/Embezzlement
8670,FALSE AFFID.DEFRAUD INSUR,Fraud/Embezzlement
7324,FALSE INFO.LICENSE APPLIC.,Fraud/Embezzlement
8671,FALSE INV.DEFRAUD INSUR.,Fraud/Embezzlement
2602,FALSE PERSONATION (FRAUD),Fraud/Embezzlement
3809,FAM.SERV.FRAUD $200 OR MORE,Fraud/Embezzlement
2601,"FRAD'LY OBTAIN PROP,ETC.",Fraud/Embezzlement
2600,FRAUD,Fraud/Embezzlement
2604,FRAUD - IMPERSON,Fraud/Embezzlement
2713,FRAUD BY BANK-RELATED PARTY,Fraud/Embezzlement
2636,FRAUD BY MISREP CHARITY,Fraud/Embezzlement
8681,"FRAUD CONST.FUND O/20,000",Fraud/Embezzlement
8682,"FRAUD CONST.FUND100,000",Fraud/Embezzlement
8680,FRAUD CONSTRUCT.FUNDS,Fraud/Embezzlement
8710,FRAUD CREDIT UNIONS-BANKS,Fraud/Embezzlement
5905,FRAUD IN CASTING VOTE,Fraud/Embezzlement
2666,FRAUD INVOL.SECUR. O/$300,Fraud/Embezzlement
2618,FRAUD INVOLVING SECURITY INTER,Fraud/Embezzlement
7347,FRAUD STATEMENT TO B/OF/PHARMA,Fraud/Embezzlement
6122,FRAUD'LY CONTERFEIT CIG.,Fraud/Embezzlement
2612,FRAUD-ATTORNEY CONSPIRES,Fraud/Embezzlement
6145,FRAUD-BUS.INCOME TAX,Fraud/Embezzlement
2649,FRAUD-BUSINESS OPERATION,Fraud/Embezzlement
2608,FRAUD-BY WIRE,Fraud/Embezzlement
2677,FRAUD-CERT.OF AUTH.REQUIR.,Fraud/Embezzlement
2609,FRAUD-CERTIFICATES,Fraud/Embezzlement
2641,FRAUD-CHARITY COLLECTION,Fraud/Embezzlement
2606,FRAUD-CHECK,Fraud/Embezzlement
2614,FRAUD-CLAIMS COMPENSATION,Fraud/Embezzlement
2651,"FRAUD-COVER-UP/CONCEAL,ETC",Fraud/Embezzlement
2688,FRAUD-CREDIT CARDS,Fraud/Embezzlement
8580,FRAUD-CREDIT-CARD,Fraud/Embezzlement
2639,FRAUD-FALSE CHARITY INDENT,Fraud/Embezzlement
2607,FRAUD-FALSE STATEMENT,Fraud/Embezzlement
2613,FRAUD-HOSP EMP CONSPIRES,Fraud/Embezzlement
2638,FRAUD-ILLEGAL AUTH BY CHARITY,Fraud/Embezzlement
2654,FRAUD-LEAVE ST.2ND OFFENSE,Fraud/Embezzlement
2653,FRAUD-LEAVE ST.AVOID PROSE.,Fraud/Embezzlement
2678,FRAUD-MAINT.OF ASSETS/REC,Fraud/Embezzlement
2660,FRAUD-NO INSURANCE LICENSE,Fraud/Embezzlement
2661,FRAUD-NO INSURANCE PERMIT,Fraud/Embezzlement
2648,FRAUD-OBTAIN $$$/FALSE STATEME,Fraud/Embezzlement
2610,FRAUD-OWNERSHIP,Fraud/Embezzlement
2611,FRAUD-PHYSICIAN CONSPIRES,Fraud/Embezzlement
2642,FRAUD-PROFESSIONAL SOLICITOR,Fraud/Embezzlement
2698,FRAUD-RENTAL PROPERTY $300,Fraud/Embezzlement
2650,FRAUD-SECURITIES,Fraud/Embezzlement
2736,FRAUD-TELEPHONE SALES,Fraud/Embezzlement
2615,FRAUD-TO INCREASE BENEFITS,Fraud/Embezzlement
2616,FRAUD-TO REDUCE LAWFUL PAYMENT,Fraud/Embezzlement
2637,FRAUD-UNAUTH USE OF CONTRIBUTI,Fraud/Embezzlement
2643,FRAUD-UNAUTH USE OF POLICE ID,Fraud/Embezzlement
2694,FRAUD-UNLAWFUL SUBLEASE OF VEH,Fraud/Embezzlement
2647,FRAUD-USE OF DEVICE,Fraud/Embezzlement
9092,FRAUD/BUILDING INSPECTORS,Fraud/Embezzlement
8865,FRAUD/ECON.DEV.TRUST FUND,Fraud/Embezzlement
8862,FRAUD/INLAND PROT.TRUST FUND,Fraud/Embezzlement
8591,FRAUD/OBTAIN MORTGAGE,Fraud/Embezzlement
2521,FRAUDULENTLY CERTIFY,Fraud/Embezzlement
8590,GROSS FRAUD OR CHEAT,Fraud/Embezzlement
2667,HOSPITAL FRAUD,Fraud/Embezzlement
8700,INSUR.AGENT EMBEZ.O/300,Fraud/Embezzlement
8701,"INSUR.AGNT EMBEZ.O/20,000",Fraud/Embezzlement
8702,"INSUR.AGNT.EMBEZO/100,000",Fraud/Embezzlement
2664,INSURANCE FRAUD,Fraud/Embezzlement
2672,INSURANCE FRAUD-MISREPRESENT,Fraud/Embezzlement
2668,INSURANCE FRAUD-PHONY SOLICIT.,Fraud/Embezzlement
2682,LIEN FRAUD,Fraud/Embezzlement
2680,LOAN EMBEZZ./MISAPPROPRIATION,Fraud/Embezzlement
2603,MAIL FRAUD,Fraud/Embezzlement
3798,MEDICAID CLAIM FRAUD,Fraud/Embezzlement
3796,MEDICAID PROVIDER FRAUD,Fraud/Embezzlement
3797,MEDICAID REIMBURSE.FRAUD,Fraud/Embezzlement
2704,MISAPPRO.BY PUBLIC OFFICER,Fraud/Embezzlement
2626,MISAPPRO.FUNDS TIME SHARE PL,Fraud/Embezzlement
7401,MISUSE FUNDS BY POW.ATT.,Fraud/Embezzlement
7392,OBTAIN LICENSE FRAUDULENT,Fraud/Embezzlement
2646,OBTAIN LODGING W/INTENT FRAUD,Fraud/Embezzlement
7300,OCCUPATION LICENSE FRAUD,Fraud/Embezzlement
2629,"ORG.FRAUD - UNDER $20,000",Fraud/Embezzlement
2628,ORG.FRAUD-$20K BUT < $50K,Fraud/Embezzlement
2627,"ORG.FRAUD-$50,000 AND OVER",Fraud/Embezzlement
8661,"ORGAN.FRAUD O/50,000",Fraud/Embezzlement
1535,ORGNIZD COMNICATNS FRAUD,Fraud/Embezzlement
2665,PHYSICIAN/INSURANCE FRAUD,Fraud/Embezzlement
7339,PRACTICE UNDER FRAUD LICENSE,Fraud/Embezzlement
2685,PROCURES COMPEN. VICTIM FRAUD,Fraud/Embezzlement
2681,PROPERTY FRAUD,Fraud/Embezzlement
2513,REC.MONEY THRU FRAD.USE CREDIT,Fraud/Embezzlement
8640,RENT VEH.W/INTENT DEFRAUD,Fraud/Embezzlement
2431,SELL STOLEN VESSEL-DEFRAUD,Fraud/Embezzlement
2330,SURTAX FRAUD CLAIM/REFUND,Fraud/Embezzlement
5916,VOTING FRAUDULENT BALLOT,Fraud/Embezzlement
9814,WELFARE FRAUD-MISD,Fraud/Embezzlement
1008,ABDUCT-NO RANSOM OR ASSLT,Kidnapping
1009,AIRCRAFT PIRACY,Kidnapping
1010,FALS.IMPRSN-NO 787.01 INT,Kidnapping
1011,FALSE IMPRISON MINOR AGA.WILL,Kidnapping
1007,KIDNAP HOSTAGE FOR ESCAPE,Kidnapping
1005,KIDNAP MINOR AGAINST WILL,Kidnapping
1001,KIDNAP MINOR FOR RANSOM,Kidnapping
1003,KIDNAP V<13/AGG.CHLD ABUSE,Kidnapping
1004,"KIDNAP,ASSAULT OR TERRORIZE",Kidnapping
1006,"KIDNAP,INTERF W/PERF GOVERN",Kidnapping
1018,KIDNAP/CHILD ABUSE INVES.,Kidnapping
1000,KIDNAP;COMM.OR FAC.FELONY,Kidnapping
1002,KIDNAP;HOLD RANSOM OR HOST.,Kidnapping
1020,LURE CHILD INTO BLDG/CAR,Kidnapping
4824,PRISONERS TAKING HOSTAGES,Kidnapping
931,AGG.MANSL.-CHILD,Manslaughter
930,AGG.MANSL.-ELDER/DISABLD,Manslaughter
8820,BUI MANSLAUGHTER,Manslaughter
1046,DEATH MOTHER VIOL OF 390.001,Manslaughter
1406,DEATH MOTHER VIOL OF 390.001,Manslaughter
8821,DUI MANSLAUGHTER,Manslaughter
5407,"DUI,MANSLAUGHTER",Manslaughter
8822,DUI. MANS.-NO AID OR INFO,Manslaughter
922,HOMICIDE NEGLIG MANSL VEH,Manslaughter
905,"HOMICIDE,MANSL.ASST.SELF-MUR",Manslaughter
910,"HOMICIDE,MANSL.CUL.NEGLI",Manslaughter
904,"HOMICIDE,MANSL.UNNC.KILL'G",Manslaughter
909,HOMICIDE-NEGLIG MANSL-VEH,Manslaughter
920,HOMICIDE-WILFUL W/VESSEL,Manslaughter
917,VEHICLE HOMCID-NO AID/INFO,Manslaughter
921,VESSEL HOMCID-NO AID/INFO,Manslaughter
918,"1ST DEG MUR,COM.OF FELONY",Murder
919,"1ST DEG MUR,DEATH FRM DRUGS",Murder
913,1ST DG MUR/PREMED. OR ATT.,Murder
914,"2ND DEG.MURD,DANGEROUS ACT",Murder
916,"3RD DEG MUR,O/THAN ARSON",Murder
5227,DISCH.DESTR.DEVICE W/DEATH,Murder
900,HOMICIDE,Murder
912,"HOMICIDE,KILL UNBORN CHLD",Murder
902,HOMICIDE-WILFL KILL-FMLY-OTHER,Murder
901,HOMICIDE-WILLFUL KILL-FMLY-GUN,Murder
911,HOMICIDE-WILLFUL KILL-GUN,Murder
903,HOMICIDE-WLFL KILL-NONFMLY-GUN,Murder
907,HOMICIDE-WLFL KILL-POL OFF-GUN,Murder
908,HOMICIDE-WLFL KILL-POL OFF-OTH,Murder
906,HOMICIDE-WLFL KILL-PUB OFF-OTH,Murder
915,"SECOND DEG.MURDER,COMM.OF FELO",Murder
1404,"ABORTIFACIENT (SELLING,MFG,DEL",Other Crime
1400,ABORTION,Other Crime
1401,ABORTIONAL ACT ON OTHER,Other Crime
1402,ABORTIONAL ACT ON SELF,Other Crime
8389,ACCEPT BAIL BOND O/$25000,Other Crime
4808,ACCEPT MONEY TO CONC.CRIME,Other Crime
2662,ACCEPTING INSUR.RISK INSOLVENT,Other Crime
7396,ACCESSORY AFT.FACT-OTHER,Other Crime
7386,ACCESSORY AFTER FACT,Other Crime
2669,ACCIDENT CHASING,Other Crime
7355,ACT AS PROFESSIONAL SOLICITOR,Other Crime
3822,ADOPTION UNLAWFUL ACC. FEE,Other Crime
4113,ADULTERATING LIQUOR,Other Crime
7340,ADVER. PRACT. UNDER ASSUMED NA,Other Crime
2621,ADVERT.UNAPPROV.EDU PGRM,Other Crime
6147,AGENT FAILS REMIT TAX,Other Crime
7302,AGENT/ISSUE LICENSE REQUIREMEN,Other Crime
7305,AID SUPPLYING INSPEC/CERT.,Other Crime
6110,AIDS ASSISTS FALSE RETURN,Other Crime
6123,AIDS IN ANY UNSTAMP CIGARETTES,Other Crime
6212,ALLIGATOR POACHING,Other Crime
9010,AMNESIA VICTIM,Other Crime
6000,ANTITRUST,Other Crime
5307,ASSEMBLY-UNLAWFUL,Other Crime
9095,ATHLET.AGENT FAILS NOTIFY,Other Crime
8902,"BAIL BONDS/FAIL R/10,000",Other Crime
8901,BAIL BONDS/FAIL RET.1500,Other Crime
8900,BAIL BONDSMAN VIOL.,Other Crime
8387,BAIL BONDSMEN CAN'T ARREST,Other Crime
5002,BAIL-PERSON RECOG,Other Crime
5001,BAIL-SECURED BOND,Other Crime
2706,BANKING CODE/TRUST VIOL.,Other Crime
7304,"BARTER,TRADE,SELL INSPEC/CERT.",Other Crime
7301,"BARTER,TRADE,SELL,AWAY/LICENSE",Other Crime
6103,BEVERAGE LAW/UNPAID TAXES,Other Crime
3804,BIGAMY,Other Crime
8825,BOATING (BUI)-4TH OR SUBS.,Other Crime
8662,"BOILER RM.SALES O/50,000",Other Crime
5613,BOMB THREAT/FALSE ALARM,Other Crime
8720,BOOKMAKING,Other Crime
3901,BOOKMAKING,Other Crime
3928,BOOKMAKING 2ND OFFENSE,Other Crime
8721,"BOOKMAKING,2ND CONV.",Other Crime
5106,BRIBE FOR SPECIAL TREATM.,Other Crime
5102,BRIBE-OFFERING,Other Crime
5104,BRIBERY,Other Crime
5100,BRIBERY,Other Crime
5101,BRIBES IN ATHLETIC CONTEST,Other Crime
5103,BRIBES RECEIVING COMPENS.,Other Crime
2432,"BUY,SELL VESSEL W/ALT.NUM.",Other Crime
8618,C-PHONE CLONE PARAPHERNALIA,Other Crime
7384,CANCEL LIFE PROLONG PROCE.,Other Crime
3904,CARD GAME,Other Crime
3902,CARD GAME-OPERATING,Other Crime
3903,CARD GAME-PLAYING,Other Crime
5918,CASTING TWO OR MORE BALLOTS,Other Crime
2675,CERTIFICATE OF AUTHORITY,Other Crime
7356,CERTIFICATE OF SOLICITOR,Other Crime
5930,CERTIFY INCOR.VOTE REPORT,Other Crime
5931,CERTIFYING INCORRECT ELECTION,Other Crime
5933,CHAIRMAN CERTIFYING F/ELECTION,Other Crime
5919,CHANGING ELECTOR'S BALLOT,Other Crime
2640,CHARITY FUNDS-NO STATE FILING,Other Crime
3806,CHILD ABUSE-NEGLECT,Other Crime
7420,CHILD CARE REGULATIONS,Other Crime
7320,CHILD HEALTH&SAFTY VIOLATIONS,Other Crime
3810,CHILD SELLING/ABUSE OR DISABIL,Other Crime
3808,CHILD SUPPORT - FELONY,Other Crime
6126,CIGARETTS TAX EVA.2ND OFF,Other Crime
5600,CIVIL RIGHTS,Other Crime
8615,CLONING CELLPHONE,Other Crime
108,COMBINATION AGAINST THE STATE,Other Crime
7377,COMBINATIONS RESTRICTING TRADE,Other Crime
1014,CONCEAL CHILD DUR.CUS.PROCEED,Other Crime
1013,CONCEAL CHILD NON-CUS PARENT,Other Crime
1015,"CONCEAL CHILD,FAIL TO PRODUCE",Other Crime
8650,CONCEAL INFORMATION,Other Crime
5013,CONDIT RELEASE VIOLATION,Other Crime
3944,CONFIDENTIALITY BREACH,Other Crime
5105,CONFLICT OF INTEREST,Other Crime
6205,CONSERVATION DAMAGES,Other Crime
6201,CONSERVATION-ANIMALS,Other Crime
6203,CONSERVATION-BIRDS,Other Crime
6202,CONSERVATION-FISH,Other Crime
6204,CONSERVATION-LICENSE-STAMP,Other Crime
6200,CONSERVATION/POLLUTION,Other Crime
4111,CONSPIRACY TO VIOLATE BEV. LAW,Other Crime
6124,CONSPIRACY TO VIOLATE TAX,Other Crime
4833,CONSTRUC.POSSESS CONTRAB.,Other Crime
5009,CONTEMPT OF CONGRESS,Other Crime
5005,CONTEMPT OF COURT,Other Crime
9830,CONTEMPT OF COURT-MISD,Other Crime
5010,CONTEMPT OF LEGISLATURE,Other Crime
4827,"CONTRABAND, CO DETENTN FAC",Other Crime
3805,CONTRIB DELINQ MINOR,Other Crime
5323,CORP.SELL HUM.ORG.FOR PROF.,Other Crime
5907,CORRUPTING VOTING BY BRIBERY,Other Crime
5908,CORRUPTING VOTING BY PROMISING,Other Crime
5521,COSMETICS-MISBRANDED,Other Crime
9060,COURT ORDER,Other Crime
7312,CRIM.SOLIT.CHILD UNDER 12,Other Crime
9040,CRIMINAL REGISTRATION,Other Crime
4811,CROSSING POLICE LINES,Other Crime
3803,CRUELTY TOWARD WIFE,Other Crime
4112,CURB DRINKING 2ND CONV.,Other Crime
5313,CURFEW,Other Crime
7104,"DAMAGE COMPUTER O/1,000",Other Crime
7103,"DAMAGE COMPUTER O/200/LESS/1,0",Other Crime
6121,DEALER NEGLECTS COMPLY W/TAXES,Other Crime
5310,DESECRATING FLAG,Other Crime
200,DESERTION,Other Crime
201,DESERTION,Other Crime
2684,DEVELOPER FAILS PAY REQ. FUNDS,Other Crime
7102,DEVISING ANY SCHEME TO OBTAIN,Other Crime
3907,DICE GAME,Other Crime
3905,DICE GAME-OPERATING,Other Crime
3906,DICE GAME-PLAYING,Other Crime
6224,DISCLOS CONFID INFM BY DEPT,Other Crime
6225,DISCLOS INFM TO OBT.PROPERTY,Other Crime
9097,DISCLOSE DNR INFO/GAIN,Other Crime
6401,DISCLOSES CONFID.INFO,Other Crime
5921,DISCLOSING HOW ELECTOR VOTE,Other Crime
5601,DISCRIMINATION IN RATES,Other Crime
5602,DISCRIMINATION PASSENGERS,Other Crime
5550,DISEASED ANIMALS,Other Crime
3917,DISPOSE OF MONEY BY LOTTERY,Other Crime
5225,DISRUPTION OF GOVERN OPERATION,Other Crime
5312,DISTURB PEACE,Other Crime
5701,DIVULGE EAVESDROP INFO,Other Crime
5702,DIVULGE EAVESDROP ORDER,Other Crime
5551,DOOR PUBLIC BUILD OPEN OUTWARD,Other Crime
6209,DREDGE ANY MEANS REMOVE OYSTER,Other Crime
6206,DREDGING EXCEED GRANTED PERMIT,Other Crime
8808,DRIV W/LIC S/R/C/D FELONY,Other Crime
9813,DRIVE W/LIC. S/R/C/D-MISD.,Other Crime
5403,DRIVING UNDER INFLUENCE DRUGS,Other Crime
5501,DRUGS-ADULTERATED,Other Crime
5502,DRUGS-MISBRANDED,Other Crime
5503,DRUGS-OTHER,Other Crime
5520,DRUGS/COSMETICS ADULTERATED,Other Crime
4200,DRUNKENNESS,Other Crime
5405,DUI,Other Crime
9812,DUI-MISD.,Other Crime
5926,ELECTION CODE VIOLATION,Other Crime
5900,ELECTION LAW VIOLATIONS,Other Crime
5912,ELECTION LAW/SOMETHING OF VALU,Other Crime
5911,ELECTION LAW/UNLAWFUL CONTRIB,Other Crime
4105,EMPLOY MINORS 2ND CONV.,Other Crime
2622,EMPLOY UNCERTIFIED PERSONS,Other Crime
2619,EMPLOYER WORKER COMP VIOL.,Other Crime
7353,EMPLOYING UNLICENSED DENTIST,Other Crime
7346,EMPLOYING UNLICENSED NURSE,Other Crime
4804,EVIDENCE-DESTROYING,Other Crime
8388,EXCON ENGAGE IN BAIL BOND,Other Crime
3831,EXPLOIT AGED PERSON/MISMANGMT.,Other Crime
2104,EXTORT-THREAT ACCUSE PERS CRIM,Other Crime
2102,EXTORT-THREAT DAMAGE PROPERTY,Other Crime
2103,EXTORT-THREAT INJURE REPUTATN,Other Crime
2105,EXTORT-THREAT OF INFORMING,Other Crime
2100,EXTORTION,Other Crime
2624,FAIL RE ESCROW/TRUST REQ.,Other Crime
8811,FAIL STOP CRASH INJ/DEATH,Other Crime
9826,FAIL TO APPEAR-MISD,Other Crime
5529,FAIL TO COM.WN TIME OR'D HRS,Other Crime
2625,FAIL TO COMP.W/TIME SHARE PL,Other Crime
2632,FAIL TO DISBURSE FUNDS,Other Crime
2691,FAIL TO FILE W/DIV.CON.SER.,Other Crime
2633,"FAIL TO PAY FEE,CHAR/FINE",Other Crime
2414,FAIL TO REPORT TITLES,Other Crime
2695,FAIL.DISC.FEE BOND SALE,Other Crime
5017,FAIL.TO APPEAR/FEL.BAIL,Other Crime
5018,FAIL.TO APPEAR/PRIN.CHRG,Other Crime
2617,FAILED TO RETURN RENT/VEH,Other Crime
5534,FAILS COMPLY WITH LAWFUL ORDER,Other Crime
8871,FAILS GIVE NOTICE/SPILL,Other Crime
2683,FAILS TO PAY REQUIRED FUNDS,Other Crime
6111,FAILURE PAY EVASION OR TAX,Other Crime
2331,FAILURE TO ADD SALES TAX,Other Crime
5015,FAILURE TO APPEAR,Other Crime
4813,FAILURE TO MOVE ON,Other Crime
3815,FAILURE TO REPORT ADOPTION,Other Crime
4812,FAILURE TO REPORT CRIME,Other Crime
5511,FAILURE TO REPORT EPIDEMIC,Other Crime
2620,FALSE ADVERTISING,Other Crime
5904,FALSE CERTIFICATE NOMINATION,Other Crime
5922,FALSE CHARGES AGAINST CANDIDAT,Other Crime
7400,FALSE CHILD CARE APPL.,Other Crime
302,FALSE CITIZENSHIP,Other Crime
5308,"FALSE FIRE ALARM,2ND CONV.",Other Crime
9820,FALSE FIRE ALARM-MISD,Other Crime
2696,FALSE INFO UNDER OATH,Other Crime
9096,FALSE INFO/EMERG.AGENCY,Other Crime
2657,FALSE INFORM.ON APPLICA.,Other Crime
3943,FALSE LOTTERY CLAIM,Other Crime
7310,FALSE PURPOSE SECUR. TREATMENT,Other Crime
8861,FALSE RECORDS/SPILL,Other Crime
8631,FALSE REP. MINORITY FIRM,Other Crime
4820,FALSE REPORT/ FAILURE MAKE REP,Other Crime
5315,FALSE REPORTS OF DEADLY EXPLOS,Other Crime
2674,FALSE RPTS BY EMP. OF INS. CO.,Other Crime
2676,FALSE SELLING/BURIAL PLOTS,Other Crime
6223,FALSE STATE ABT HAZAR WASTE,Other Crime
6313,FALSE STATEMENT IN POLLUTANTS,Other Crime
5016,FALSE STATEMENT TO COURT,Other Crime
6213,FALSE STATMENT DISCHARG POLLUT,Other Crime
8621,FALSE STATMT INSURANCE CO.,Other Crime
8630,FALSE STATMT WORKERS COMP.,Other Crime
8860,FALSE STATMT/CRUISE SPILL,Other Crime
7421,FALSE STMT.CHILD CARE APPL,Other Crime
5903,FALSE SWEARING,Other Crime
5901,FALSE SWEARING BY SELECT,Other Crime
7341,FALSELY IMPERSONATE PRACTITION,Other Crime
8683,FALSIFY PAYSTAT TO SUBCONT,Other Crime
7321,FALSIFYING PRACTICIONER REHABI,Other Crime
3800,FAMILY OFFENSE,Other Crime
5406,FELONY DUI 4TH/SUBS.CONV.,Other Crime
2673,FILING FLASE INSUR.REPT.,Other Crime
7348,FILLING PERSCRIPTIONS W/O LIC.,Other Crime
2712,FINANCIAL BUSINESS BRIBERY,Other Crime
2658,FLASE INFM.ON APPLI.2ND OFF,Other Crime
4906,FLEE/ATT.ELUDE LEO/HI SD.,Other Crime
5510,FOOD-ADULTERATED,Other Crime
5512,FOOD-OTHER,Other Crime
2652,FUNRL SRVCS TRUST FND VIOL.,Other Crime
3900,GAMBLING,Other Crime
3908,GAMBLING DEVICE-POSSESS,Other Crime
3909,GAMBLING DEVICE-TRANSPORT,Other Crime
3913,GAMBLING GOODS-TRANSPORT,Other Crime
3924,GAMBLING USE OF ANIMALS,Other Crime
3923,GAMBLING W/O RULES,Other Crime
3914,GAMBLING-ILL.PRINT LOTT.TIC.,Other Crime
3912,GAMBLING-LOTTERY ADVERT.,Other Crime
3911,GAMBLING-MANUFACTURE DEVICE,Other Crime
2645,GIVES FALSE INFORMATION,Other Crime
4817,GRAND JURY/DISCLOSE INFO.,Other Crime
5107,GRATUITY-OFFERING,Other Crime
5109,GRATUITY-OTHER,Other Crime
5309,HARASSING COMMUNICATION,Other Crime
6227,HAUL CITRUS WO CERTIFICATE,Other Crime
7391,HEALTH MAIN.CONT.WO CERT,Other Crime
5533,HINDER HRS AGENT,Other Crime
9025,HOLD FOR AUTHORITIES,Other Crime
7306,HOSPITAL INTOXICATING BEVERAGE,Other Crime
1405,ILLEGAL ABORTION-PERFORM/PART.,Other Crime
4810,ILLEGAL ARREST,Other Crime
2741,ILLEGAL BANKING SERVICES,Other Crime
301,ILLEGAL ENTRY,Other Crime
2670,ILLEGAL INSURANCE COMMISSION,Other Crime
7364,ILLEGAL MIDWIFERY PRACTICE,Other Crime
5914,ILLEGAL VOTING,Other Crime
300,IMMIGRATION/ILLEGAL ENTRY,Other Crime
4815,IMPERSON LEO COM. OF FEL,Other Crime
4816,IMPERSONATE LEO,Other Crime
6215,IMPORT CITRUS PLANTS,Other Crime
5902,IMPROPER ACCOUNT. BY CHAIRMAN,Other Crime
8840,IMPRSN.LEO/COMM.FELONY,Other Crime
6101,INCOME TAX,Other Crime
2910,INJURIES TO DAMS,Other Crime
9075,"INQUIRY, INVESTIGATION",Other Crime
7383,INSTALL ILL FUEL CONT/AIRC,Other Crime
5710,INTENT TO PREVENT INVESTIGATIO,Other Crime
1016,INTERFERS W/CUSTODY CHILD UNDE,Other Crime
1017,INTERFERS W/CUSTODY PARENT/GUA,Other Crime
5913,INTERMINGLING BALLOTS,Other Crime
8501,INTIMIDATE WITNESS,Other Crime
4829,INTRO.INTOXICATING BEV.,Other Crime
4903,INTRODUCING CURRENCY,Other Crime
8750,INTRODUCING CURRENCY,Other Crime
5700,INVADE PRIVACY,Other Crime
2433,ISSUE FALSE VESSEL CERT.,Other Crime
5553,JUNKYARD FAIL REMOVE REG.DOOR,Other Crime
4814,JURY TAMPERING,Other Crime
2013,KEEP FIREFIGHTER FROM DUTY,Other Crime
3921,KEEPING GAMBLING HOUSES,Other Crime
5110,KICKBACK-GIVING,Other Crime
5111,KICKBACK-OFFERING,Other Crime
5113,KICKBACK-OTHER,Other Crime
5112,KICKBACK-RECEIVING,Other Crime
6219,KILLING FLA PANTHER,Other Crime
6226,KNOW'LY CONC.HAZAR WASTE,Other Crime
2623,KNOWINGLY CONCEAL INFORM.,Other Crime
2686,LAND SALES FAIL TO COMPLY,Other Crime
2644,LAW ENF FUNDS-FALSE STATEMENT,Other Crime
9810,LEAVE ACCIDENT SCENE-MISD.,Other Crime
2707,LENDING PRACTICES VIOL.,Other Crime
2412,LICENSEE NOT SEND PROCEEDS,Other Crime
4106,LICENSING O/STATE LIQUOR MAN,Other Crime
2679,LIFE CARE DISMISS/DICHARGE,Other Crime
5703,LIMIT PUBLIC ACCESS/RECORDS,Other Crime
4100,LIQUOR LAW VIOLATIONS,Other Crime
4108,LIQUOR-APPLICANT AVOID/EVADING,Other Crime
4101,LIQUOR-MFR,Other Crime
4104,LIQUOR-POSSESS 2ND CONV.,Other Crime
4110,LIQUOR-POSSESSION BY MINOR,Other Crime
4107,LIQUOR-RENEWAL O/STATE LICNSE.,Other Crime
4102,LIQUOR-SELL,Other Crime
4103,LIQUOR-TRANSPORT 2ND CONV.,Other Crime
6229,LITTER DUMPING O/500LBS.,Other Crime
5314,LOITERING,Other Crime
3915,LOTTERY-OPERATING,Other Crime
5531,MAINTAINING RECORDS EXPOSURE,Other Crime
4803,MAKING FALSE REPORT,Other Crime
5014,MANDATORY RELEASE VIOLATION,Other Crime
5530,MANUFACT. NUCLEAR/MATERIALS,Other Crime
5523,MANUFACTURE ETHER W/O LIC.,Other Crime
9030,MATERIAL WITNESS,Other Crime
7398,MEMBER IN SUBVERSIVE ORGANIZAT,Other Crime
5008,MISCONDUCT-JUDIC OFFICER,Other Crime
5030,MISD. TO FEL. W/MASK,Other Crime
9105,MISD. TO FEL. W/PREJUDICE,Other Crime
9802,MISD. TO FEL.BY GANG MEMBR,Other Crime
9100,MISDEMEANOR,Other Crime
5923,MISHANDLING FUNDS BY OFFICERS,Other Crime
2656,MISREPRE.AFFIL.W/LAW ENF.,Other Crime
5020,MISREPRESENT BAIL APPLIC.,Other Crime
2635,MISREPRESENT OR MISLEAD,Other Crime
8620,MISREPRESENTATION,Other Crime
4109,MISREPRESENTATION OF BEVERAGES,Other Crime
2634,MISSTATEMENT THRU ADVERT.,Other Crime
6402,MISUSE CONFID.OR FALSE INFO.,Other Crime
6133,"MISUSE FUEL TAX O/100,000",Other Crime
6132,"MISUSE FUEL TAX O/20,000",Other Crime
9091,MISUSE JUV.RECORDS INFO,Other Crime
6131,MISUSE MOTOR FUEL TAXES,Other Crime
6207,"MOLEST FISHING LINES,TRAPS",Other Crime
6216,"MOLEST STONE CRAB TRAP,ETC",Other Crime
2709,MONEY LAUNDER $20 K-$100 K,Other Crime
2708,"MONEY LAUNDER $300-$20,000",Other Crime
8711,"MONEY LAUNDER O/100,000",Other Crime
2710,"MONEY LAUNDER OVR $100,000",Other Crime
6125,MOTOR FUEL TAX EVASION,Other Crime
6231,MOVE QUAR.ART.W/O PERM.,Other Crime
3845,NEGLCT ELDER/DISABLD,Other Crime
3848,NEGLCT ELDER/DISABLD-HARM,Other Crime
3801,NEGLECT FAMILY,Other Crime
7354,NEGOTIATE MORT. LOAN W/O LIC,Other Crime
5524,NO PERMIT/2.5 GAL.ETHER,Other Crime
2427,NO REC ON VEHICLE PURCH'D,Other Crime
6146,NON PAYMT COLLECTED TAXES,Other Crime
3807,NONPAYMENT OF ALIMONY,Other Crime
2520,NOTARIZE OWN SIGNATURE,Other Crime
9825,OBSTR.JUST./DISGUISE-MISD,Other Crime
2313,OBSTRUCT CORRESPONDENCE POST V,Other Crime
4802,OBSTRUCT CRIME INVESTIGATION,Other Crime
5000,OBSTRUCT JUSTICE/PERJURY,Other Crime
8651,OBSTRUCT.DEPT. EXAM.,Other Crime
5007,OBSTRUCTING COURT ORDER,Other Crime
2907,OBSTRUCTING HARBOR,Other Crime
5006,OBSTRUCTING JUSTICE,Other Crime
2428,OBTAIN GOODS W/O TITLE,Other Crime
2424,ODOMETER TAMPERING,Other Crime
7361,OFF. MISCONDUCT/ KNOW VIOLATIN,Other Crime
7360,OFF. MISCONDUCT/KNOW REFRAININ,Other Crime
7105,OFFENSE AGAINST COMPUTER USERS,Other Crime
7378,OFFERS FOR SALE- >100 & <1000,Other Crime
7379,OFFERS FOR SALE-1000 ARTICLES,Other Crime
5906,OFFICAL PERFORMING DUTY CORRUP,Other Crime
5706,OPENING SEALED COMMUNICATION,Other Crime
7405,OPER.UNLIC.PEDIATRIC CEN.,Other Crime
7363,OPERATE AIRCRAFT/CARELESS ETC,Other Crime
7362,OPERATE AIRCRAFT/UNDER INFLU,Other Crime
3835,OPERATE FAC W/O LICENSE,Other Crime
7389,OPERATE HEALTH CLI WO CERT,Other Crime
7390,OPERATE WELFARE WO CERT,Other Crime
8660,ORG.FRAUD-$50K OR MORE,Other Crime
9090,OTHER OFFENSE CODE,Other Crime
5011,PAROLE VIOLATION,Other Crime
2419,PASS TITLE ON STOLEN VEHICLE,Other Crime
5003,PERJURY,Other Crime
5004,PERJURY-SUBORNATION OF,Other Crime
3922,PERMIT MINORS/MENTAL INC.TO GA,Other Crime
4837,PERSON COCERCES TO ALT RPT,Other Crime
6112,PERSONAL TAX/NON COMPLNC.,Other Crime
5504,POISON FOOD OR WATER,Other Crime
8870,POLLUTANT SPILL/VESSEL,Other Crime
6214,POLLUTION INCIDENT,Other Crime
5527,POSS.ETHER WN 500 FT RESD.BLD,Other Crime
8616,POSS.W/INT-CLONE CELLPHONE,Other Crime
5525,POSSES 2.5 GALS ETHER,Other Crime
2437,POSSES AIRC.W/FALSE ID NUM,Other Crime
2425,POSSES ILLEGAL AUTO TITLE,Other Crime
2434,POSSES UNREGIS'D AIRCRAFT,Other Crime
2415,POSSES VEH W/ILL LIC PLATE,Other Crime
6220,"POSSESS DEER,ETC.ILLEGALLY",Other Crime
3918,POSSESS LOTTERY SHEETS,Other Crime
3916,POSSESS LOTTERY TICK. 2ND C,Other Crime
2807,POSSESS MOTOR W/ALT ID NUM.,Other Crime
7322,PRAC.OPTOMETRY W/O LIC.,Other Crime
7334,PRACTICE CHIROPRACTIC W/O LIC.,Other Crime
7351,PRACTICE DENTISTRY W/O LIC.,Other Crime
7343,PRACTICE MEDIC W/O LICENSE,Other Crime
7330,PRACTICE MEDICINE W/O LICENSE,Other Crime
7344,PRACTICE NURSING W/O LICENSE,Other Crime
7332,PRACTICE OSTEOPATHY W/O LIC.,Other Crime
7336,PRACTICE PODIATARY W/O LICENSE,Other Crime
2663,PRESENTS FALSE STATEMENT CLAIM,Other Crime
5711,PREVENT INFORMATION BY LEO/INT,Other Crime
9045,PROBATION REGISTRATION,Other Crime
2430,PROCURE TITLE ON STLN VESSEL,Other Crime
2722,PROD.TAMPER INJURE BUS.,Other Crime
2723,PROD.TAMPER/DEATH/SER.INJ,Other Crime
2721,PRODUCT/LABEL TAMPERING,Other Crime
5324,PROH.SALE/PURCHASE HUMAN EMBRY,Other Crime
5532,PROHIBITED USES,Other Crime
9035,PROTECTIVE CUSTODY,Other Crime
7350,PROVIDE DRUG PRODUCTS W/O LIC.,Other Crime
5500,PUBLIC HEALTH & SAFETY,Other Crime
9828,PUBLIC INTOX-MISD,Other Crime
6361,PUBLIC OFFICIAL MISCONDUCT,Other Crime
3925,RACE FIXING,Other Crime
9811,RECKLESS DRIVING-MISD,Other Crime
2435,REGISTRA. AIRCRAFT NON-EXT,Other Crime
9055,RELEASED ON PROBATION,Other Crime
2671,REMOVAL INSURANCE RECORDS,Other Crime
4838,REMOVAL OF CONT.SUBS/WEAPON,Other Crime
5522,REMOVE EMBAR.PROD W/O PERM.,Other Crime
2689,REMOVE FUNDS WO SIGNATURE,Other Crime
5909,REMUNERATION BY CANDIDATE PROM,Other Crime
5910,REMUNERATION BY CANDIDATE VALU,Other Crime
9801,RESIST.LEO/NO VIOL.-MISD.,Other Crime
1324,"RETALIATE AGA WITNESS,PREV INF",Other Crime
1323,"RETALIATION WITNESS,PREV ATTEN",Other Crime
3817,SALE CHILD/FETUS,Other Crime
6102,SALES TAX,Other Crime
106,SELECTIVE SERVICE,Other Crime
4116,SELL & CONSUME ON PREMISES,Other Crime
5526,SELL 2.5 GAL ETHER WO LIC.,Other Crime
3812,SELL CHILD FOR MONEY,Other Crime
8617,SELL CLONED CELLPHONE,Other Crime
7338,"SELL DIPLOMA, LICENSE, ETC.",Other Crime
7349,SELL DRUGS W/O PERSCRIPTION,Other Crime
2530,SELL GOODS W/ FAKE LABEL,Other Crime
5322,SELL HUMAN ORG.FOR PROFIT,Other Crime
4115,SELL LIQUOR ETC. NOT SEALED,Other Crime
4114,"SELL LIQUOR,ECT. L/T 1/2 PINT",Other Crime
8690,SELL SUBST.INSTEAD DRUGS,Other Crime
2420,SELL UNNUMBERED AUTO,Other Crime
2416,SELL/EXCHG ILLEGAL LIC PLATE,Other Crime
3813,SELLING PARENTAL RIGHTS,Other Crime
5705,SEND DEVICE F/ILL INTERCEP.,Other Crime
6217,SET BLUECRAB TRAP WO PERM,Other Crime
5025,SEX PRED FAIL TO REGISTER,Other Crime
6218,SHRIMP IN PROHIB.WATERS,Other Crime
6208,SHRIMP VESSEL W/O PERMIT,Other Crime
5801,SMUGGLE CONTRABAND,Other Crime
5802,SMUGGLE CONTRABAND INTO PRISON,Other Crime
5803,SMUGGLE TO AVOID PAYING DUTY,Other Crime
5800,SMUGGLING,Other Crime
303,SMUGGLING ALIENS,Other Crime
9805,SOLICIT GANG MEMBERSHIP,Other Crime
6211,SPONGE DIVING-RESTRICTED WATER,Other Crime
6210,SPONGE REGULATION,Other Crime
3919,SPORTS TAMPERING,Other Crime
7325,STEAL/COPY GOV.LICEN.EXAM,Other Crime
5920,STEALING & DESTROYING RECORDS,Other Crime
6222,STORES HAZAR WASTE WO PERM,Other Crime
1403,SUBMISSION TO ABORTIONAL ACT,Other Crime
2436,SUP.FALSE INFM AIRC/OWNER,Other Crime
5012,SUPERVISION VIOLATION,Other Crime
7303,SUPPLY STOLEN/FAKE ID/LIC.,Other Crime
9065,SUSPICIOUS PERSON,Other Crime
5932,SWEARS FALSELY BEF ELE.COMM.,Other Crime
4828,TAKE FOOD/CLO.FROM INMATE,Other Crime
6100,TAX REVENUE VIOLATIONS,Other Crime
6140,TAX VIOLATIONS,Other Crime
2737,TELEPHONE SALES VIOL.,Other Crime
2735,TELEPHONE SALES/FALSE APP.,Other Crime
7500,TISSUE DONATION/HIV PER,Other Crime
2820,TOW/STORE VEH.VIOL.,Other Crime
5400,TRAFFIC OFFENSE,Other Crime
6120,TRANS OR SELLING UNSTAMPED,Other Crime
6601,TRANS PROC/UNLAWFUL ACTIVITY,Other Crime
3942,TRANSFER FOR PAYMT LOTTERY TIC,Other Crime
7375,TRANSFER SOUND-RECORD PHONO,Other Crime
7376,"TRANSFERRING RECORD,DISC,WIRE",Other Crime
9050,TRANSIENT SLEEPER,Other Crime
4826,TRANSMIT CONTRABAND-PRISON,Other Crime
3927,TRANSMIT INFO. FOR GAMBLING,Other Crime
3926,TRANSMIT INFORMATION CERT/PERD,Other Crime
7309,TRANSMIT RECEIVE ANY CONTRABAN,Other Crime
3920,TRANSMIT WAGER INFORMATION,Other Crime
5402,TRANSPORT DANGEROUS MATERIAL,Other Crime
6221,TRANSPORT HAZAR WASTE,Other Crime
101,TREASON,Other Crime
102,TREASON MISPRISON,Other Crime
103,"TREASON,ESPIONAGE",Other Crime
2218,TRESPASS HORTICULTR PROPRTY,Other Crime
2214,TRESPASS PROPERTY ARMED,Other Crime
2219,TRESPASS SCHOOL W/WEAPON,Other Crime
2213,TRESPASS STRUCTURE ARMED,Other Crime
9822,TRESPASS-MISD,Other Crime
5707,TRESPASSING,Other Crime
4809,UNAUTH COMMUNICATE W/PRISONER,Other Crime
7311,UNAUTH USE JUV.HEALTH RECORD,Other Crime
7388,UNAUTH.PROVIDERS HEALTH CLI,Other Crime
7387,UNAUTH.PROVIDERS OF HMO,Other Crime
5709,UNLAWFUL ACCESS STORED COMMUN.,Other Crime
3811,UNLAWFUL ADOPT.W/O STATE,Other Crime
3814,UNLAWFUL ADOPTION FEE,Other Crime
3816,UNLAWFUL ADOPTION FEE O/$500,Other Crime
3821,UNLAWFUL ADOPTION O/SD STATE,Other Crime
3818,UNLAWFUL ADOPTION W/N STATE,Other Crime
7359,UNLAWFUL CHARITY APPLICATION,Other Crime
7357,UNLAWFUL CHARITY RECORDS,Other Crime
7358,UNLAWFUL CHARITY REGISTRATION,Other Crime
5232,UNLAWFUL PARAMILITARY TRAINING,Other Crime
7382,UNLAWFUL SELL REGIS.DECALS,Other Crime
3823,UNLAWFUL TO SECURE ADOPT.FEE,Other Crime
5940,UNLAWFUL USE MONEY ELECTION,Other Crime
5915,UNQUALIFIED VOTER,Other Crime
9806,URGE GANG MEMBERS-2ND OFF.,Other Crime
2352,USE ANTISHOPLIFTING DEVICE,Other Crime
2421,USE FALSE NAME IN APPLICATION,Other Crime
7342,USE NAME DESIGNATED PRACT,Other Crime
7323,USE REVOKED LICENSE,Other Crime
7335,USING REVOKED CHIROPRACTIC LIC,Other Crime
7352,USING REVOKED DENTISTY LIC.,Other Crime
7331,USING REVOKED LICENSE (MED),Other Crime
7333,USING REVOKED LICENSE (OST),Other Crime
7345,USING REVOKED NURSING LICENSE,Other Crime
7337,USING REVOKED PODIATARY LIC.,Other Crime
6300,VAGRANCY NOT A FELONY,Other Crime
8830,VET.FAIL REPORT DISEASE,Other Crime
5540,VETERINARIAN/NO DISEASE RPT,Other Crime
100,VIO. STATE/NATL SOVEREIGNTY,Other Crime
5528,"VIO.PROV.404,FS,RADIATION",Other Crime
3910,VIOL.BINGO REGS.2ND CONV.,Other Crime
2740,VIOL.LENDING PRACTICES,Other Crime
7510,VIOL.MIGRANT LABOR REGS.,Other Crime
8891,VIOL.MORTGAGE PRACTICES,Other Crime
6135,VIOL.VEHICLE TAX,Other Crime
5924,VIOLATING PROVISIONS COV/EXPEN,Other Crime
6130,VIOLATION FUEL TAX,Other Crime
6001,"VIOLATION OF ANY RATE,RULE ECT",Other Crime
5917,VOTING AFTER CASTING ABSENTEE,Other Crime
5925,VOTING MACHINE-TAMPERING WITH,Other Crime
7101,WILLFULLY MODIFY COMPUTER,Other Crime
5704,WIRE COMM.OBT'D UNLAWFULLY,Other Crime
5708,WIRETAP-FAILURE TO REPORT,Other Crime
8503,"WIT.ACPT.BRIBE,FALSE TEST",Other Crime
8504,"WIT.ACPT.BRIBE,W/H TESTIM",Other Crime
7385,WITHHOLD LIFE PROLONG PROC.,Other Crime
4806,WITNESS ACCEPTS BRIBES,Other Crime
4805,WITNESS-DISSUADING,Other Crime
6230,WOUND/KILL ENDANG.SPECIES,Other Crime
5552,ABANDONED ICEBOX/INJ.MINOR,Other Violent Crime
7395,ACCESSORY AFT.FACT-CAPITAL,Other Violent Crime
4902,AGGRAVATED FLEEING LEO,Other Violent Crime
5301,ANARCHISM,Other Violent Crime
110,ATTEMPT SABOTAGE/SEDITION,Other Violent Crime
8826,BUI W/SERIOUS BODILY INJ.,Other Violent Crime
6228,"CAUSES POLLUTION,HARM TO HUMAN",Other Violent Crime
1136,CHILD ABUSE-INJ/NEGLECT,Other Violent Crime
9000,DANG.DOG CAUSE DEATH/INJ,Other Violent Crime
4807,DEPRIVE OFFR OF PROTECT.,Other Violent Crime
5320,"DESTROY,MULTI.BURIAL TOMB",Other Violent Crime
5311,DISORDERLY CONDUCT,Other Violent Crime
5408,DRIV.W/O LIC.INJ/DEATH,Other Violent Crime
5404,"DUI,CAUSE SERIOUS BODILY INJRY",Other Violent Crime
4836,EMPLOYEE CAUSES BODILY HARM,Other Violent Crime
3935,HARM AN ANIMAL BUSINESS,Other Violent Crime
3937,HARM ANIMAL BUSI.OVR $10K,Other Violent Crime
3936,HARM ANIMAL BUSI.SER.INJURY,Other Violent Crime
5401,HIT AND RUN,Other Violent Crime
109,INCITING INSURRECTION,Other Violent Crime
4800,INJ/KILL PD/FD/SAR ANIMAL,Other Violent Crime
8502,INTIMIDATE/FORCE WITNESS,Other Violent Crime
1316,INTIMIDATION,Other Violent Crime
3929,"KILL,MAIMS ANIMAL",Other Violent Crime
8813,LEAVE CRASH W/DEATH,Other Violent Crime
8812,LEAVE CRASH W/INJURY,Other Violent Crime
8810,LEAVE SCENE ACCIDENT/INJ.,Other Violent Crime
5321,MALCIOUSLY DISTURB TOMB,Other Violent Crime
4825,"PRISONERS RIOT,STRIKE,MUTINY",Other Violent Crime
5303,"RIOT,DESTROY PROPERTY",Other Violent Crime
5302,RIOT-INCITING,Other Violent Crime
5304,RIOT-INTERFERE FIREMAN,Other Violent Crime
5305,RIOT-INTERFERE OFFICER,Other Violent Crime
5306,RIOT-OTHER,Other Violent Crime
3930,THREATENS ANIMAL OWNER,Other Violent Crime
3931,TORTURES ANIMAL W/INTENT INFLI,Other Violent Crime
105,"TREASON,INSURRECTION",Other Violent Crime
104,"TREASON,SABOTAGE",Other Violent Crime
5300,VIO. PUBLIC PEACE/RIOT,Other Violent Crime
2000,ARSON,Property Crime
2010,ARSON WILLFUL DAMA.DWELLING,Property Crime
2004,"ARSON, PROPERTY DEFRAUD",Property Crime
2007,"ARSON,BURNING WOODS",Property Crime
2015,"ARSON,CRIMINAL MISCHIEF",Property Crime
2016,"ARSON,DAMAGE ART WORK",Property Crime
2017,"ARSON,DEFACES CHURCH",Property Crime
2011,"ARSON,WILLFUL DAMA.STRUCT.",Property Crime
2005,ARSON-BUSINESS,Property Crime
2001,ARSON-BUSINESS ENDANGERED LIFE,Property Crime
2003,ARSON-BUSINESS-DEFRAUD INSURER,Property Crime
2008,ARSON-PUB BLDG-ENDANGERED LIFE,Property Crime
2009,ARSON-PUBLIC BUILDING,Property Crime
2006,ARSON-RESIDENCE,Property Crime
2002,ARSON-RESIDENCE-ENDANGERED LIF,Property Crime
9821,CRIMINAL MISCHIEF-MISD,Property Crime
2900,CRIMINAL MISCHIEF/PROP.DAMAGE,Property Crime
2902,DAMAGE COIN OPR'D MACHINES,Property Crime
2904,DAMAGE PROPERTY-BUSI-W/EXPL,Property Crime
2901,DAMAGE PROPERTY-BUSINESS,Property Crime
2905,DAMAGE PROPERTY-PRIV-W/EXPL,Property Crime
2906,DAMAGE PROPERTY-PUBL-W/EXPL,Property Crime
8511,INT./RECKLESS BURN LAND,Property Crime
2012,PREVENT/OBSTRUCT FIRE EXT.,Property Crime
2903,PROP.DAMAGE-RAILROAD/DAMS,Property Crime
2908,SHOOT/THROW OBJ.UNOC.VEH,Property Crime
8510,WILLFULLY SETS WILDFIRE,Property Crime
6502,ACQUIRE PROP. F/RACKETEERING,Racketeering
6503,CONS.TO VIO.RACKTEERING LAW,Racketeering
6500,RACKETEERING,Racketeering
6501,RECEIV. PROCEEDS F/RACKETEERIN,Racketeering
1216,"CARJACK W/FA,DEADLY WEAPON",Robbery
1217,CARJACK W/O FA/DEAD WEAP,Robbery
1210,FORCIBLE PURSE SNATCHING,Robbery
1215,HOME INVASION - ROBBERY,Robbery
2217,HOME INVASION/COM.FELONY,Robbery
2216,HOME INVASION/INJ/DEATH,Robbery
1212,ROBB. GUN OR DEADLY WPN,Robbery
1214,ROBB. NO GUN/DDLY.WPN,Robbery
1213,ROBB. WPN-NOT DEADLY,Robbery
1200,ROBBERY,Robbery
1211,ROBBERY-BANKING-TYPE INST,Robbery
1201,ROBBERY-BUSINESS-GUN,Robbery
1202,ROBBERY-BUSINESS-OTHER WEAPON,Robbery
1203,ROBBERY-BUSINESS-STRONGARM,Robbery
1207,ROBBERY-RESIDENCE-GUN,Robbery
1208,ROBBERY-RESIDENCE-OTH WEAPON,Robbery
1209,ROBBERY-RESIDENCE-STRONGARM,Robbery
1204,ROBBERY-STREET-GUN,Robbery
1205,ROBBERY-STREET-OTHER WEAPON,Robbery
1206,ROBBERY-STREET-STRONGARM,Robbery
1139,ABUSE OF HUMAN CORPSE,Sex Crime
1137,ADLT SEX W/16-17 YR OLD,Sex Crime
3606,BESTIALITY,Sex Crime
8890,CLIENT/PSYCHOTHERP.SEX MISC.,Sex Crime
4000,COMMERCIAL SEX,Sex Crime
4003,COMMERCIAL SEX-HOMOSEXL PROSTI,Sex Crime
8742,CRIM. TRANSMISSION HIV,Sex Crime
1012,FALS.IMP. V<13/AGG.CHLD ABUSE,Sex Crime
4007,FORCE TO BECOME PROSTITUTE,Sex Crime
8740,FORCED PROSTITUTION,Sex Crime
4005,FREQUENT HOUSE OF ILL FAME,Sex Crime
3603,HOMOSEXUAL ACT WITH BOY,Sex Crime
3602,HOMOSEXUAL ACT WITH GIRL,Sex Crime
3610,HOMOSEXUAL ACT WITH MAN,Sex Crime
3609,HOMOSEXUAL ACT WITH WOMAN,Sex Crime
3604,INCEST WITH MINOR,Sex Crime
3607,INCEST WITH RELATIVE,Sex Crime
3605,INDECENT EXPOSURE,Sex Crime
9819,INDECENT EXPOSURE-MISD,Sex Crime
1151,"INTRNET/F.S. 794,800,827",Sex Crime
4001,KEEPING HOUSE ILL FAME,Sex Crime
3623,L/L MOLEST V<12 OFF<18,Sex Crime
3601,"L/L, INDEC.ASLT CHILD U/16",Sex Crime
3620,LEWD ASLT/SEX BAT VCTM<16,Sex Crime
3852,LEWD BATT.ON ELDER/DISABLD,Sex Crime
3850,LEWD EXHIBIT-ELDER/DISABLD,Sex Crime
3851,LEWD MOLEST.-ELDER/DISABLD,Sex Crime
8741,LIVE OFF PROSTIT.EARN,Sex Crime
1138,MAN 21+ IMPREG.GRL LT 16,Sex Crime
9818,MISD. PROSTITUTION,Sex Crime
3707,OBSCENE COMMUNICATION,Sex Crime
3709,OBSCENE EXHIBIT/INVOLV MINOR,Sex Crime
3700,OBSCENE MATERIAL BUY/SELL/DIST,Sex Crime
3705,OBSCENE MATERIAL-DISTRIB,Sex Crime
3703,OBSCENE MATERIAL-MAILING,Sex Crime
3704,OBSCENE MATERIAL-POSSESS,Sex Crime
3702,OBSCENE MATERIAL-SELL,Sex Crime
3706,OBSCENE MATERIAL-TRANSPORT,Sex Crime
3711,OBSCENE PRESENTATION W/MINOR,Sex Crime
3611,PEEPING TOM,Sex Crime
1135,POSS PHOTO ETC CHILD SEX PERF,Sex Crime
4002,PROCURE FOR PROSTITUTE(PIMPNG),Sex Crime
3708,PROCURE MINOR TO PERFORM SEX,Sex Crime
3701,PROMOTE LIVE SHOW 2ND CONV.,Sex Crime
4004,PROSTITUTION,Sex Crime
3714,PROV.OBSCENE MAT.MINOR,Sex Crime
3713,PURC.CUSTODY OF MINOR/SEX.COND,Sex Crime
1101,RAPE - GUN,Sex Crime
1103,RAPE - STRONGARM,Sex Crime
1102,RAPE WITH OTHER WEAPON,Sex Crime
3608,SEDUCTION OF ADULT,Sex Crime
3710,"SELL,POSSESS MATERIAL INVOL/MI",Sex Crime
1127,SEX ACT COERCE CHILD BY ADULT,Sex Crime
1131,SEX ACT/SOLICIT OF CHILD,Sex Crime
1100,SEX ASSAULT/BATTERY,Sex Crime
1117,SEX ASSLT - CARNAL ABUSE,Sex Crime
1104,SEX ASSLT-SODOMY-BOY-GUN,Sex Crime
1108,SEX ASSLT-SODOMY-BOY-OTHER,Sex Crime
1112,SEX ASSLT-SODOMY-BOY-STGARM,Sex Crime
1106,SEX ASSLT-SODOMY-GIRL-GUN,Sex Crime
1110,SEX ASSLT-SODOMY-GIRL-OTHER,Sex Crime
1114,SEX ASSLT-SODOMY-GIRL-STGARM,Sex Crime
1105,SEX ASSLT-SODOMY-MAN-GUN,Sex Crime
1109,SEX ASSLT-SODOMY-MAN-OTHER,Sex Crime
1113,SEX ASSLT-SODOMY-MAN-STGARM,Sex Crime
1107,SEX ASSLT-SODOMY-WOMAN-GUN,Sex Crime
1111,SEX ASSLT-SODOMY-WOMAN-OTHER,Sex Crime
1115,SEX ASSLT-SODOMY-WOMAN-STGARM,Sex Crime
1120,SEX BAT BY ADULT/VCTM LT 12,Sex Crime
1121,SEX BAT BY JUVEN/VCTM UNDER 12,Sex Crime
1122,SEX BAT/ WPN. OR FORCE,Sex Crime
1125,SEX BAT/COERCES BY RETALIATION,Sex Crime
1124,SEX BAT/COERCES BY THREAT,Sex Crime
1129,SEX BAT/INJURY NOT LIKELY,Sex Crime
1128,SEX BAT/MENTALLY DEFECTIVE,Sex Crime
1123,SEX BAT/PHYS HELPLESS RESIST,Sex Crime
1126,SEX BAT/VICTIM DRUGGED,Sex Crime
1116,SEX BATT/CARNAL INTERC. U/18,Sex Crime
8880,SEX MISC.PSYCHOTHERAPIST,Sex Crime
8881,SEX MISC.PSYCHOTHERAPIST,Sex Crime
3600,SEX OFFENSE,Sex Crime
5026,SEX PRED. AROUND CHILDREN,Sex Crime
1140,SEX.BAT/VICT O/12 INCAP,Sex Crime
1118,SEXUAL BATTERY BY LEO,Sex Crime
1130,SEXUAL BATTERY UNSPECIFIED,Sex Crime
1119,STAFF SEX W/INMATE/OFENDER,Sex Crime
4006,TRANSP FEMALE INTST IMMRL PURP,Sex Crime
1150,USE COMPUTR SEX W/MINOR,Sex Crime
1132,"USE OF CHILD, ENG SEX PERFM",Sex Crime
1133,"USE OF CHILD, PROM.SEX PERFM",Sex Crime
1134,"USE OF CHILD, SEX PHOTO ETC",Sex Crime
3712,VISUALLY EXP.MINOR/SEX.CONDUCT,Sex Crime
2410,AIRCRAFT THEFT,Theft
2212,BURG.-STRUCT DAMAGE OR $1K,Theft
2211,BURG/DWELL/OCCUP.CONVEY,Theft
2210,BURG/N/ASSLT/OCC.STRUCT.,Theft
2215,BURG/TREPASS CONSTRUCT.SITE,Theft
2207,BURGL-BANKING-TYPE INST,Theft
2203,BURGL-FORCED ENTRY-NONRESIDENC,Theft
2202,BURGL-FORCED ENTRY-RESIDENCE,Theft
2205,BURGL-NO FORCED ENTRY-NONRESID,Theft
2204,BURGL-NO FORCED ENTRY-RESIDENC,Theft
2201,BURGLARY SAFE-VAULT,Theft
2206,BURGLARY TOOLS-POSSESS,Theft
2209,"BURGLARY,ARMED W/EXP. OR WEAPO",Theft
2200,BURGUNOCCSTRUC/CV OR ATT.,Theft
9824,CHECKS AND DRAFTS VIOLATIONS,Theft
2805,CONCEAL STOLEN PROPERTY,Theft
3834,EXPL ELDER/DISABLD $100K+,Theft
3832,EXPL ELDER/DISABLD LT$20K,Theft
3833,EXPL ELDER/DISBLD $20-100K,Theft
8641,FAIL TO RETURN RENTED VEH.,Theft
8533,GR. THEFT $100-300 DWELLING,Theft
8532,GRAND THEFT $10K L/$20K,Theft
8531,GRAND THEFT $5KL/$10K,Theft
2322,GRAND THEFT FIRE EXTINGUISHER,Theft
2320,GRAND THEFT FIREARM,Theft
2325,GRAND THEFT FRM CONST.SITE,Theft
2404,GRAND THEFT MOTOR VEHICLE,Theft
2317,"GRAND THEFT O/$100,000 1ST.DEG",Theft
2329,"GRAND THEFT O/20,000 L/$100,00",Theft
2319,GRAND THEFT OF WILL,Theft
2345,GRAND THEFT W/DAMAGE,Theft
2318,"GRAND THEFT,$300 LESS &20,000",Theft
8530,"GRAND THEFT,300 L/5,000",Theft
2324,"GRAND THEFT,CITRUS FRUIT",Theft
2321,GT COMMERCIAL SPECIES/ANIMAL,Theft
2605,ILL.POSS.CREDIT CARD &PURC.OVE,Theft
2409,INTERSTATE TRANSP STOLEN VEHIC,Theft
2305,LARCENY FROM AUTO,Theft
2311,LARCENY FROM BANKING TYPE INST,Theft
2308,LARCENY FROM BUILDING,Theft
2307,LARCENY FROM COIN MACHINE,Theft
2312,LARCENY FROM INTERSTATE SHIPME,Theft
2310,LARCENY FROM MAILS,Theft
2306,LARCENY FROM SHIPMENT,Theft
2309,LARCENY FROM YARDS,Theft
2315,LARCENY OF US GOVT RESERVE,Theft
2304,LARCENY-PARTS FROM VEHICLE,Theft
2316,LARCENY-POSTAL,Theft
2300,LARCENY/GRAND THEFT,Theft
2806,ORGANIZES THEFT PROPERTY ECT.,Theft
2407,OWN AND OPERATE CHOP SHOP,Theft
2323,PETIT THEFT/3RD CONVICTION,Theft
9823,PETIT-THEFT-MISD,Theft
2301,POCKETPICKING,Theft
2804,POSSESS STOLEN PROPERTY,Theft
2408,POSSESS STOLEN VEHICLE,Theft
8602,PURCH.W/FALSE CREDIT CARD,Theft
2302,PURSE SNATCHING-NO FORCE,Theft
2406,RECEIVE STOLEN VEHICLE,Theft
2801,SALE OF STOLEN PROPERTY,Theft
2303,SHOPLIFTING,Theft
2800,STOLEN PROPERTY,Theft
2401,THEFT AND SALE VEHICLE,Theft
2402,THEFT AND STRIP VEHICLE,Theft
2403,THEFT AND USE VEHICLE OTH CRIM,Theft
2350,THEFT CABLE TV SERVICE,Theft
2298,THEFT FROM ESTAB.BY EMPLOY,Theft
2351,THEFT FROM RV PARK,Theft
2314,THEFT OF US GOVT PROPERTY,Theft
2328,THEFT STATE FUNDS $20K-100K,Theft
2405,THEFT VEHICLE BY BAILEE,Theft
2327,THEFT-STATE FUND $300-20K,Theft
2340,THEFT/DEST.ARCHEOLOG.SITE,Theft
2803,TRAFFIC IN STOLEN PROPERTY,Theft
2802,TRANSP INTERSTATE STOLEN PROP,Theft
2426,TRANSPORT STOLEN AUTO,Theft
2411,UNAUTH USE OF VEH(INC JOY-RID),Theft
2400,VEHICLE THEFT/ILLEGAL USE,Theft
8610,WORTHLESS CHECKS,Theft
5201,ALTER ID ON FIREARM,Weapon Offense
5202,CARRYING CONCEALED FIREARM,Weapon Offense
5237,DEALER PROV. MINOR FIREARM,Weapon Offense
5244,DEL.FA PERSON PROHIB.POSS.,Weapon Offense
9817,DISPLAY GUN/WEAPON-MISD,Weapon Offense
5211,EXPLOSIVES-POSSESSING,Weapon Offense
5204,EXPLOSIVES-TEACHING USE,Weapon Offense
5205,EXPLOSIVES-TRANSPORTING,Weapon Offense
5242,FA BUYER PROV.FALSE INFO,Weapon Offense
5241,FA DEAL.FAIL REQ.CRM.HIST.,Weapon Offense
5243,FA DEALER VIOL.REGULATIONS,Weapon Offense
8771,FEL/DELI W/GUN/CONC WPN/AMMO,Weapon Offense
5316,"HOAX BOMB,MANUF/FALSE REPORTS",Weapon Offense
5317,"HOAX BOMB,POSS.COMM/FELONY",Weapon Offense
7308,HOSPITAL FIREARM/DEADLY/WEAPON,Weapon Offense
5207,INCENDIARY DEVICE-POSSESS,Weapon Offense
5209,INCENDIARY DEVICE-TEACHING,Weapon Offense
4831,INTRODUCE WEAPON/FIREARM,Weapon Offense
5240,LEO VIOL.CNF.INFO FA SALE,Weapon Offense
5210,LICENSING-REGISTRATION,Weapon Offense
5233,MANU/SELL ARMOR-PIERCE BULLET,Weapon Offense
5229,MANUFAC. POSS W/INTENT TO HARM,Weapon Offense
5031,MISD. TO FEL.DISARM LEO,Weapon Offense
5224,PAR.AUTH.LET MINOR POSS.F/A,Weapon Offense
5234,POSS ARMOR-PIERCE BULLET IN FA,Weapon Offense
5235,POSS ARMOR-PIERCE BULLET/CRIME,Weapon Offense
5219,POSS CONCEALED F.A. IN PHARM,Weapon Offense
8790,POSS. INCENDIARY DEVICE,Weapon Offense
5222,POSS. WEAP.W/IN 1000FT SCH,Weapon Offense
5203,POSS.FIREARM BY FELON,Weapon Offense
8791,POSS.MANUF.FIRE BOMB,Weapon Offense
5212,POSSESS ILLEGAL WEAPON,Weapon Offense
5221,POSSESS WEAPON SCHOOL,Weapon Offense
5230,POSSESSION OF STOLEN EXPLOSIVE,Weapon Offense
5220,"PREVIOUS CONVICT SUBSECT. 1,2",Weapon Offense
4823,PRISONER POSSESSING WEAPON,Weapon Offense
5236,PROV.MINOR F/A W/O PAR.PERM,Weapon Offense
1331,SECURE FIREARM FROM MINOR,Weapon Offense
5214,SELLING,Weapon Offense
8800,TAKES LEO FIREARM,Weapon Offense
8770,USE/CONCEAL/ATT.WPN-FELNY,Weapon Offense
8772,VLNT.CAREER CRIM.POSS.GUN,Weapon Offense
5200,WEAPON OFFENSE,Weapon Offense